{
  "vector": [
    {
      "size": 100000.0,
      "latency_ms_basic": 0.44924207031726837,
      "latency_ms_advanced": 0.19765334824721018,
      "latency_ms_numpy": 0.04524551331996918,
      "speedup_basic_over_adv": 2.2728786246281527,
      "speedup_numpy_over_adv": 0.22891346754915295,
      "diff_basic": 0.0,
      "diff_advanced": 0.0,
      "gbps_basic": 2.671165679457678,
      "gbps_advanced": 6.0712353756796915
    },
    {
      "size": 500000.0,
      "latency_ms_basic": 1.3716897616783779,
      "latency_ms_advanced": 0.7670260965824127,
      "latency_ms_numpy": 0.28793203334013623,
      "speedup_basic_over_adv": 1.7883221546048107,
      "speedup_numpy_over_adv": 0.37538753195367913,
      "diff_basic": 0.0,
      "diff_advanced": 0.0,
      "gbps_basic": 4.374166934554133,
      "gbps_advanced": 7.822419637002968
    },
    {
      "size": 1000000.0,
      "latency_ms_basic": 1.807376742362976,
      "latency_ms_advanced": 1.094476009408633,
      "latency_ms_numpy": 0.5515186736981074,
      "speedup_basic_over_adv": 1.6513625943610564,
      "speedup_numpy_over_adv": 0.5039111583597925,
      "diff_basic": 0.0,
      "diff_advanced": 0.0,
      "gbps_basic": 6.6394569094161975,
      "gbps_advanced": 10.964150787081973
    },
    {
      "size": 5000000.0,
      "latency_ms_basic": 7.8680453201135006,
      "latency_ms_advanced": 5.91037484506766,
      "latency_ms_numpy": 4.024354120095571,
      "speedup_basic_over_adv": 1.3312261110950618,
      "speedup_numpy_over_adv": 0.6808965971851995,
      "diff_basic": 0.0,
      "diff_advanced": 0.0,
      "gbps_basic": 7.625782206238546,
      "gbps_advanced": 10.151640390468861
    }
  ],
  "dl_ops": [
    {
      "m": 256.0,
      "n": 256.0,
      "k": 256.0,
      "softmax_ms_basic": 0.19999158879121146,
      "softmax_ms_advanced": 0.09832655390103658,
      "softmax_ms_numpy": 0.21108550330003104,
      "softmax_speedup_basic_over_adv": 2.03395299496104,
      "softmax_diff_basic": 3.725290298461914e-08,
      "softmax_diff_advanced": 7.450580596923828e-09,
      "gemm_ms_basic": 0.17114852865537009,
      "gemm_ms_advanced": 0.1636768380800883,
      "gemm_ms_cublas": 0.12112284700075786,
      "gemm_ms_numpy": 0.11483269433180492,
      "gemm_speedup_basic_over_cublas": 1.4130160650393169,
      "gemm_speedup_advanced_over_cublas": 1.351329184650557,
      "gemm_diff_basic": 0.0,
      "gemm_diff_advanced": 0.0,
      "gemm_diff_cublas": 4.9591064453125e-05,
      "gemm_gflops_basic": 196.0544578654616,
      "gemm_gflops_advanced": 205.00415571066668,
      "gemm_gflops_cublas": 277.02809858647106
    },
    {
      "m": 512.0,
      "n": 512.0,
      "k": 512.0,
      "softmax_ms_basic": 0.6535307814677557,
      "softmax_ms_advanced": 0.47740526497364044,
      "softmax_ms_numpy": 0.6674875815709432,
      "softmax_speedup_basic_over_adv": 1.3689224426627131,
      "softmax_diff_basic": 3.3527612686157227e-08,
      "softmax_diff_advanced": 1.4901161193847656e-08,
      "gemm_ms_basic": 0.9352701405684153,
      "gemm_ms_advanced": 0.9386992702881495,
      "gemm_ms_cublas": 0.3498525669177373,
      "gemm_ms_numpy": 1.9323540230592091,
      "gemm_speedup_basic_over_cublas": 2.673326506671967,
      "gemm_speedup_advanced_over_cublas": 2.6831281489750247,
      "gemm_diff_basic": 0.0001068115234375,
      "gemm_diff_advanced": 0.0001068115234375,
      "gemm_diff_cublas": 5.7220458984375e-05,
      "gemm_gflops_basic": 287.0138202389921,
      "gemm_gflops_advanced": 285.96534001523116,
      "gemm_gflops_cublas": 767.2816534260807
    },
    {
      "m": 1024.0,
      "n": 1024.0,
      "k": 1024.0,
      "softmax_ms_basic": 1.8320841093858082,
      "softmax_ms_advanced": 14.606503148873648,
      "softmax_ms_numpy": 2.8396273652712503,
      "softmax_speedup_basic_over_adv": 0.12542934408822456,
      "softmax_diff_basic": 2.9802322387695312e-08,
      "softmax_diff_advanced": 7.450580596923828e-09,
      "gemm_ms_basic": 3.1568054109811783,
      "gemm_ms_advanced": 3.1291687240203223,
      "gemm_ms_cublas": 1.1562289049228032,
      "gemm_ms_numpy": 1.7516712347666423,
      "gemm_speedup_basic_over_cublas": 2.7302598971022487,
      "gemm_speedup_advanced_over_cublas": 2.706357461483152,
      "gemm_diff_basic": 0.000213623046875,
      "gemm_diff_advanced": 0.000213623046875,
      "gemm_diff_cublas": 0.0001220703125,
      "gemm_gflops_basic": 680.2711502361916,
      "gemm_gflops_advanced": 686.2792765105156,
      "gemm_gflops_cublas": 1857.317040645493
    }
  ]
}